platform,post_id,user_id,timestamp,text,cleaned_text,sentiment_score,url
Reddit,1fj3f1u,Ixz72,2024-09-17 16:17:54+00:00,"Florida sheriff fed up with school shooting hoaxes posts boy's mugshot to social media
",florida sheriff fed up with school shooting hoaxes posts boys mugshot to social media,0.0333333333333333,https://apnews.com/article/school-shooting-threats-arrests-kids-mugshot-florida-345a409f8e8feda3215f71cd205c9eb3
Reddit,1gyaon3,SolutionLong2791,2024-11-23 21:42:49+00:00,"The 'Covid' hoax
It's funny as they drove the 'Covid' narrative, flu cases virtually disappeared for a year. 'Covid' was never about a virus, there never was a virus. 'Covid' was about the fake Vaccine, which has murdered, and permanently disabled millions of people. In the UK, thousands of old people in care homes where given a mixture of Midazolam, and Morphine, happen 'do not resuscitate' orders around their necks, and were murdered. These were then labelled as 'Covid' deaths, which the government used to justify the lockdowns. There never was a virus folks. ",the covid hoaxits funny as they drove the covid narrative flu cases virtually disappeared for a year covid was never about a virus there never was a virus covid was about the fake vaccine which has murdered and permanently disabled millions of people in the uk thousands of old people in care homes where given a mixture of midazolam and morphine happen do not resuscitate orders around their necks and were murdered these were then labelled as covid deaths which the government used to justify the lockdowns there never was a virus folks,-0.0875,https://i.redd.it/b1hobw671q2e1.jpeg
Reddit,u697vs,toeprint,2022-04-18 09:41:29+00:00,"Alex Jones' Infowars files for bankruptcy in wake of defamation suits over his assertions that the Sandy Hook massacre was a hoax
",alex jones infowars files for bankruptcy in wake of defamation suits over his assertions that the sandy hook massacre was a hoax,0.0,https://www.cbsnews.com/news/alex-jones-infowars-bankruptcy-filing-sandy-hook-massacre/
Reddit,1fojkue,lala_b11,2024-09-24 18:27:21+00:00,"10-year-old Texas student charged with 'terrorist threat' over hoax school shooting threat, police said
",10yearold texas student charged with terrorist threat over hoax school shooting threat police said,0.0,https://www.nbcnews.com/news/us-news/10-year-old-texas-student-charged-terrorist-threat-hoax-school-shootin-rcna172408
Reddit,q2hydl,caspears76,2021-10-06 10:52:48+00:00,"Texas man sentenced to 15 months in prison for posting Covid-19 hoax on social media
",texas man sentenced to 15 months in prison for posting covid19 hoax on social media,0.0333333333333333,https://www.cnn.com/2021/10/06/us/texas-man-sentenced-covid-hoax/index.html
Reddit,kssj4o,NicolaBerti,2021-01-08 01:59:51+00:00,"Boris Johnson says Covid deniers who claim pandemic is hoax need to 'grow up'
",boris johnson says covid deniers who claim pandemic is hoax need to grow up,0.0,https://www.mirror.co.uk/news/politics/breaking-boris-johnson-says-covid-23280822
Reddit,gpc5k3,maxwellhill,2020-05-23 20:36:50+00:00,"Somehow This Wild Hoax Bill Gates Anti-Vaxx Video Doesn't Violate YouTube's Policies: The video is obviously faked, but it's still setting the anti-vaxx internet on fire.
",somehow this wild hoax bill gates antivaxx video doesnt violate youtubes policies the video is obviously faked but its still setting the antivaxx internet on fire,0.05,https://www.vice.com/en_us/article/4aydjg/somehow-this-wild-hoax-bill-gates-anti-vaxx-video-doesnt-violate-youtubes-policies
Reddit,10erko2,PalatableMahogany,2023-01-17 23:44:27+00:00,"Ladies and gentlemen, the staged ""arrest"" of Greta Thunberg Rothschild. Thank you Greta, for exposing the climate agenda as a total hoax once and for all
",ladies and gentlemen the staged arrest of greta thunberg rothschild thank you greta for exposing the climate agenda as a total hoax once and for all,-0.025,https://i.redd.it/rck5w6jewoca1.gif
Reddit,a1ra15,shehzad,2018-11-30 10:23:59+00:00,"'This is an illegal hoax': Trump calls for end to Mueller investigation after Cohen pleads guilty
",this is an illegal hoax trump calls for end to mueller investigation after cohen pleads guilty,-0.5,https://www.usatoday.com/story/news/politics/2018/11/29/president-trump-end-mueller-probe-cohen-plea/2158652002/
Reddit,cnhwjd,maxwellhill,2019-08-08 06:44:12+00:00,"The Oil Giants Might Finally Pay for Pulling the Biggest Hoax of All: NY state sues ExxonMobil on charges that it knew the risks of climate change and defrauded investors by misrepresenting them.
",the oil giants might finally pay for pulling the biggest hoax of all ny state sues exxonmobil on charges that it knew the risks of climate change and defrauded investors by misrepresenting them,0.0,https://www.esquire.com/news-politics/politics/a28636123/exxonmobil-lawsuit-climage-change-new-york/
Reddit,13k7x57,GoodSamaritan_,2023-05-17 17:13:40+00:00,"Elizabeth Holmes ordered to pay $452M restitution for blood-testing hoax
",elizabeth holmes ordered to pay 452m restitution for bloodtesting hoax,0.0,https://wsbt.com/news/nation-world/elizabeth-holmes-ordered-to-pay-452m-restitution-for-blood-testing-hoax-theranos-ceo-conviction-fraud-billionaire-ramesh-sunny-balwani-the-dropout-silicon-valley-prison-southern-california
Reddit,dr9nn2,luisgustavo-,2019-11-04 00:39:11+00:00,"Prince Charles Reportedly Caught Up in $136 Million Fake Art Hoax
",prince charles reportedly caught up in 136 million fake art hoax,-0.5,https://www.bloomberg.com/news/articles/2019-11-03/u-k-prince-reportedly-caught-up-in-136-million-fake-art-hoax
Reddit,tfvtko,lgspyu,2022-03-16 23:07:37+00:00,"Facebook removes more Russia posts claiming children's hospital bombing a hoax
",facebook removes more russia posts claiming childrens hospital bombing a hoax,0.5,https://www.reuters.com/world/europe/exclusive-facebook-removes-more-russia-posts-claiming-childrens-hospital-bombing-2022-03-16/
Reddit,1g8pfry,lala_b11,2024-10-21 13:16:23+00:00,"India’s airline industry in chaos after 90 hoax bomb threats in a week
",indias airline industry in chaos after 90 hoax bomb threats in a week,0.0,https://www.theguardian.com/world/2024/oct/21/india-airline-industry-in-chaos-after-90-hoax-bomb-threats-in-a-week
Reddit,goqna9,signed7,2020-05-22 20:01:29+00:00,"Coronavirus: More than a fifth of people in England believe Covid-19 is a hoax
",coronavirus more than a fifth of people in england believe covid19 is a hoax,0.5,https://www.independent.co.uk/life-style/health-and-families/coronavirus-conspiracy-theories-hoax-government-misleading-man-made-survey-a9527876.html
Reddit,cnmaf1,screaming_librarian,2019-08-08 14:09:11+00:00,"Tucker Carlson goes on vacation as criticism mounts over false claim about white supremacy 'hoax'
",tucker carlson goes on vacation as criticism mounts over false claim about white supremacy hoax,-0.2,https://www.cnn.com/2019/08/08/media/tucker-carlson-vacation-reliable-sources/index.html
Reddit,5daiyb,sakmaidic,2016-11-16 17:41:25+00:00,"China Tells Trump That Climate Change Is No Hoax It Invented
",china tells trump that climate change is no hoax it invented,0.0,http://www.bloomberg.com/news/articles/2016-11-16/china-tells-trump-that-climate-change-is-no-hoax-it-invented
Reddit,d77v0v,ManiaforBeatles,2019-09-21 08:17:20+00:00,"Climate strikes: hoax photo accusing Australian protesters of leaving rubbish behind goes viral - The image was not taken after a climate strike and was not even taken in Australia
",climate strikes hoax photo accusing australian protesters of leaving rubbish behind goes viral  the image was not taken after a climate strike and was not even taken in australia,-0.2,https://www.theguardian.com/environment/2019/sep/21/climate-strikes-hoax-photo-accusing-australian-protesters-of-leaving-rubbish-behind-goes-viral
Reddit,69vcuf,maxwellhill,2017-05-08 02:10:34+00:00,"World Worries as Trump Set to Dump Paris Climate Deal: Trump has called climate change a ""hoax."" Tweeted: ""This very expensive global warming bullshit has got to stop.""
",world worries as trump set to dump paris climate deal trump has called climate change a hoax tweeted this very expensive global warming bullshit has got to stop,-0.325,https://www.commondreams.org/news/2017/05/07/world-worries-trump-set-dump-paris-climate-deal
Reddit,702in9,lemonsandwichbitches,2017-09-14 14:20:19+00:00,"School shooting in St. Paul revealed to be a hoax after security guard admits to accidentally shooting himself
",school shooting in st paul revealed to be a hoax after security guard admits to accidentally shooting himself,0.0,http://www.startribune.com/classes-to-resume-at-st-kate-s-after-security-guard-shot/444161713/
Reddit,5h11a5,manwithafurcoat,2016-12-07 17:01:10+00:00,"Florida woman calls Sandy Hook massacre 'hoax,' threatens to kill parent of victim, officials say
",florida woman calls sandy hook massacre hoax threatens to kill parent of victim officials say,-0.075,http://www.whio.com/news/national/florida-woman-calls-sandy-hook-massacre-hoax-threatens-kill-parent-victim-officials-say/aV9pNuCllNXtm7Z7njedEL/
Reddit,1drefm6,TheTelegraph,2024-06-29 16:01:07+00:00,"Pro-war Russian poet revealed as anti-Putin hoax using Nazi poems
",prowar russian poet revealed as antiputin hoax using nazi poems,0.0,https://www.telegraph.co.uk/world-news/2024/06/29/pro-war-russian-poet-revealed-as-anti-putin-hoax-nazi-poems/
Reddit,bghp2v,raouldukehst,2019-04-23 15:27:28+00:00,"Brothers implicated in Jussie Smollett 'hoax' attack sue the 'Empire' actor's lawyers
",brothers implicated in jussie smollett hoax attack sue the empire actors lawyers,-0.4,https://abcnews.go.com/US/brothers-implicated-jussie-smollett-hoax-attack-sue-empire/story?id=62573366
Reddit,ayy1sf,maxwellhill,2019-03-09 01:25:42+00:00,"Trump calls Russia investigation a 'collusion witch hoax' in rambling and inaccurate White House rant: he wrongly suggested the judge who sentenced Paul Manafort, to 47 months in jail had said ""there was no collusion with Russia"".
",trump calls russia investigation a collusion witch hoax in rambling and inaccurate white house rant he wrongly suggested the judge who sentenced paul manafort to 47 months in jail had said there was no collusion with russia,-0.1999999999999999,https://www.independent.co.uk/news/world/americas/us-politics/trump-russia-investigation-collusion-manafort-sentence-democrats-mueller-a8814261.html
Reddit,1flr6kb,North902,2024-09-21 00:49:11+00:00,"Did they debunked their own hoax?
An ambitious effort to understand the Earth’s climate over the past 485 million years has revealed a history of wild shifts and far hotter temperatures than scientists previously realized. - [The Washington Post](https://archive.is/2024.09.20-163739/https://www.washingtonpost.com/climate-environment/2024/09/19/earth-temperature-global-warming-planet/)",did they debunked their own hoaxan ambitious effort to understand the earths climate over the past 485 million years has revealed a history of wild shifts and far hotter temperatures than scientists previously realized  the washington post,0.1055555555555555,https://i.redd.it/n1rtc9y382qd1.jpeg
Reddit,9x0mi1,Wicketbitit,2018-11-14 14:37:06+00:00,"Man who made fatal ""swatting"" hoax call pleads guilty to 51 charges
",man who made fatal swatting hoax call pleads guilty to 51 charges,-0.5,https://n.pr/2PqBElN
Reddit,15c5lwr,davetowers646,2023-07-28 18:44:29+00:00,"Carlee Russell charged in connection with kidnapping hoax
",carlee russell charged in connection with kidnapping hoax,0.0,https://www.nbcnews.com/news/us-news/carlee-russell-arrest-warrant-rcna96158
Reddit,4ui1i3,madazzahatter,2016-07-25 11:05:56+00:00,"Turkish authorities are investigating people who have claimed failed coup to oust President Recep Tayyip Erdogan was hoax. Justice Minister Bekir Bozdag said anyone who suggests attempted coup was staged was probably involved in it themselves and would face investigation. ""Most of them are losers.""
",turkish authorities are investigating people who have claimed failed coup to oust president recep tayyip erdogan was hoax justice minister bekir bozdag said anyone who suggests attempted coup was staged was probably involved in it themselves and would face investigation most of them are losers,-0.0666666666666666,http://www.independent.co.uk/news/world/europe/turkey-coup-attempt-turkish-authorities-hoax-claims-president-erdogan-latest-news-a7154411.html
Reddit,1dq3q93,panda-rampage,2024-06-27 22:13:18+00:00,"Judge stops parents' effort to collect on $50M Alex Jones owes for saying Newtown shooting was hoax
",judge stops parents effort to collect on 50m alex jones owes for saying newtown shooting was hoax,0.0,https://apnews.com/article/alex-jones-infowars-bankruptcy-sandy-hook-6464d9947de24d0eb633cd5aacc00b3c
Reddit,1h83rtx,phototraeger,2024-12-06 15:23:47+00:00,"Climate Change Hoax
",climate change hoax,0.0,https://i.redd.it/t0sckavex85e1.jpeg
Reddit,1e0rjyq,ContactCreative8914,2024-07-11 15:23:00+00:00,"Thoughts of the moon landing did it happen or just a hoax?
",thoughts of the moon landing did it happen or just a hoax,0.0,https://www.reddit.com/gallery/1e0rjyq
Reddit,aypbav,Face2FaceRecs,2019-03-08 11:38:49+00:00,"YouTube has started showing fact-check cards debunking conspiracy theories and hoaxes
",youtube has started showing factcheck cards debunking conspiracy theories and hoaxes,0.0,https://www.businessinsider.com/youtube-starts-rolling-out-fact-check-information-panels-2019-3?utm_source=copy-link&utm_medium=referral&utm_content=topbar&utm_term=desktop
Reddit,9456zo,singularfate,2018-08-03 01:15:22+00:00,"Trump slams 'Russian hoax' after admin says Russia meddling in midterms
",trump slams russian hoax after admin says russia meddling in midterms,0.0,https://www.cnn.com/2018/08/02/politics/donald-trump-vladimir-putin-pennsylvania-rally/index.html
Reddit,3xm9qw,Ustellia,2015-12-20 20:55:11+00:00,"University moves to fire professor who says Sandy Hook massacre is a hoax — and allegedly harassed parents of victims
",university moves to fire professor who says sandy hook massacre is a hoax  and allegedly harassed parents of victims,-0.1,https://www.washingtonpost.com/news/grade-point/wp/2015/12/17/professor-who-says-sandy-hook-massacre-is-a-hoax-and-allegedly-harassed-parents-of-victims-gets-fired/
Reddit,91t33p,maxwellhill,2018-07-25 15:59:27+00:00,"Facebook Won’t Stop Dangerous Anti-Vaccine Hoaxes From Spreading
",facebook wont stop dangerous antivaccine hoaxes from spreading,-0.6,https://www.thedailybeast.com/facebook-wont-stop-dangerous-anti-vaccine-hoaxes-from-spreading?ref=home
Reddit,13uc1i6,IHaveGreyPoupon,2023-05-28 21:44:11+00:00,"Law enforcement determines Target bomb threat was a hoax
",law enforcement determines target bomb threat was a hoax,0.0,https://www.cbsnews.com/pittsburgh/news/law-enforcement-determines-target-bomb-threat-was-a-hoax/
Reddit,1hgyh0l,javelin3000,2024-12-18 10:03:47+00:00,"Spain plans to tighten law that will force 'influencers' to rectify things if they spread hoaxes or fake news | Sur in English
",spain plans to tighten law that will force influencers to rectify things if they spread hoaxes or fake news  sur in english,-0.25,https://www.surinenglish.com/spain/government-launches-an-antibullying-law-that-will-20241218045638-nt.html
Reddit,3zpk19,highbrowed,2016-01-06 12:19:51+00:00,"University fires professor who called Sandy Hook a hoax
",university fires professor who called sandy hook a hoax,0.0,http://www.upressonline.com/2016/01/university-cuts-ties-with-controversial-professor-james-tracy/
Reddit,cbb22q,maxwellhill,2019-07-10 03:00:35+00:00,"Donald Trump Called Climate Change a Hoax. Now He's Awkwardly Boasting About Fighting It
",donald trump called climate change a hoax now hes awkwardly boasting about fighting it,-0.6,https://time.com/5622374/donald-trump-climate-change-hoax-event/
Reddit,wjrd0c,Belzoni0583,2022-08-09 02:20:51+00:00,"The FBI raided Trump's estate. The same FBI that covered up the Epstein client list, propagated the Russian Boogeyman hoax, ignored blatant election fraud and the Hunter Biden crime spree.
Still think that we're voting our way out of this?",the fbi raided trumps estate the same fbi that covered up the epstein client list propagated the russian boogeyman hoax ignored blatant election fraud and the hunter biden crime spreestill think that were voting our way out of this,-0.1666666666666666,https://www.reddit.com/r/conspiracy/comments/wjrd0c/the_fbi_raided_trumps_estate_the_same_fbi_that/
Reddit,3l75vm,CGA180,2015-09-16 17:55:38+00:00,"Obama Invites Texas Teen To White House After 'Bomb Hoax' Incident
",obama invites texas teen to white house after bomb hoax incident,0.0,http://www.npr.org/sections/thetwo-way/2015/09/16/440890750/obama-invites-texas-teen-to-white-house-after-bomb-hoax-incident
Reddit,2t861s,sheepsleepdeep,2015-01-21 23:22:17+00:00,"By 98 to 1, U.S. Senate passes amendment saying climate change is real, not a hoax
",by 98 to 1 us senate passes amendment saying climate change is real not a hoax,0.2,http://news.sciencemag.org/climate/2015/01/98-1-u-s-senate-passes-amendment-saying-climate-change-real-not-hoax
Reddit,1hefu83,tacksettle,2024-12-14 23:46:07+00:00,"New Jersey drone hoax 
I've been a photographer for 20 years. Modern mirrorless cameras can quite literally see in the dark due to incredible high ISO performance. The auto focus is so advanced now, cameras can track the eye of a bird in flight.

Telephoto lenses are widely available and largerly affordable for the serious hobbyist and above.

20+ million people live on the immediate area of these supposed sightings.

Yet despite all this, not 1 single photographer has gone out to take a photo of these ""drones?""

All we have are shitty blurry iPhone videos?

Give me a break. This has got to be the most obvious hoax of all time.",new jersey drone hoax ive been a photographer for 20 years modern mirrorless cameras can quite literally see in the dark due to incredible high iso performance the auto focus is so advanced now cameras can track the eye of a bird in flighttelephoto lenses are widely available and largerly affordable for the serious hobbyist and above20 million people live on the immediate area of these supposed sightingsyet despite all this not 1 single photographer has gone out to take a photo of these dronesall we have are shitty blurry iphone videosgive me a break this has got to be the most obvious hoax of all time,0.1614363017934446,https://www.reddit.com/r/conspiracy/comments/1hefu83/new_jersey_drone_hoax/
Reddit,5c6rp1,EightRoundsRapid,2016-11-10 08:07:46+00:00,"Australia ratifies Paris agreement amid fears of Trump withdrawal | As concerns grow that US president-elect Donald Trump could withdraw the US from the Paris climate deal, Australia has ratified its greenhouse gas emission targets. Trump previously said global warming is a ""hoax.""
",australia ratifies paris agreement amid fears of trump withdrawal  as concerns grow that us presidentelect donald trump could withdraw the us from the paris climate deal australia has ratified its greenhouse gas emission targets trump previously said global warming is a hoax,-0.0833333333333333,http://www.dw.com/en/australia-ratifies-paris-agreement-amid-fears-of-trump-withdrawal/a-36334612
Reddit,61wwsx,maxwellhill,2017-03-28 03:08:11+00:00,"Environmentalists have denounced a plan by Donald Trump – who has said climate change is a hoax – to sign an executive order that will take apart his predecessor’s efforts to try and slow the warming of the planet.
",environmentalists have denounced a plan by donald trump  who has said climate change is a hoax  to sign an executive order that will take apart his predecessors efforts to try and slow the warming of the planet,-0.3,http://www.independent.co.uk/news/world/americas/us-politics/donald-trump-barack-obama-global-warming-plan-undo-epa-scott-pruitt-paris-talks-environment-a7652386.html
Reddit,y2ejwi,Wagamaga,2022-10-12 20:28:29+00:00,"Alex Jones ordered to pay Sandy Hook families $965m for hoax claims. Verdict is second big judgment against Infowars host over promotion of the lie that the 2012 massacre never happened
",alex jones ordered to pay sandy hook families 965m for hoax claims verdict is second big judgment against infowars host over promotion of the lie that the 2012 massacre never happened,0.0,https://www.theguardian.com/us-news/2022/oct/12/alex-jones-sandy-hook-hoax-lawsuit-damages
Reddit,2iuip0,Abumorsey,2014-10-10 11:33:45+00:00,"Nigerian hoax 'drink lots of salt water to avoid ebola' Results in Two Deaths
",nigerian hoax drink lots of salt water to avoid ebola results in two deaths,0.0,http://abcnews.go.com/Health/nigerian-ebola-hoax-results-deaths/story?id=25842191
Reddit,j6hh9g,bgny,2020-10-07 00:58:42+00:00,"Trump fully declassifies any and all documents pertaining to the Russia Hoax and HRC Email Scandal. NO Redactions.
",trump fully declassifies any and all documents pertaining to the russia hoax and hrc email scandal no redactions,0.0,https://i.redd.it/f9k31crrmkr51.png
Reddit,1gocb3t,cosmicallie,2024-11-10 22:06:05+00:00,"Father, daughter win lawsuit against man who called Manchester bombing a hoax
",father daughter win lawsuit against man who called manchester bombing a hoax,0.8,https://komonews.com/news/nation-world/father-and-daughter-win-58000-in-lawsuit-against-man-who-claimed-manchester-arena-bombing-was-a-hoax-ariana-grande-concert-martin-hibbert-eve-hibbert-richard-hall-london-attack-salman-abedi
Reddit,1tj65y,cornicher,2013-12-23 14:59:40+00:00,"Freed Pussy Riot member, on walking out of prison: ""This is not an amnesty. This is a hoax and a PR move.""
",freed pussy riot member on walking out of prison this is not an amnesty this is a hoax and a pr move,0.0,http://www.washingtonpost.com/blogs/worldviews/wp/2013/12/23/freed-pussy-riot-member-this-is-not-an-amnesty-this-is-a-hoax-and-a-pr-move/
Reddit,wmh0z,KosherNazi,2012-07-16 03:01:38+00:00,"Calls to destroy the Pyramids were a hoax, begun by a satirical twitter account, which western news outlets took as fact.
",calls to destroy the pyramids were a hoax begun by a satirical twitter account which western news outlets took as fact,-0.1,http://thedailynewsegypt.com/2012/07/11/another-hoax-cleric-calls-on-president-morsy-to-destroy-giza-pyramids/
Reddit,18xtpm4,AwkwardTickler,2024-01-03 20:50:44+00:00,"FBI calls bomb threats that led to brief lockdowns and evacuations of some state capitols a hoax
",fbi calls bomb threats that led to brief lockdowns and evacuations of some state capitols a hoax,0.0,https://apnews.com/article/state-capitol-threat-evacuation-lockdown-dfef5fbb98ec6572474807c260533b05
Reddit,j26f4l,longorangedick,2020-09-29 19:32:30+00:00,"JUST DECLASSIFIED: The Russia hoax was Hillary’s plan, and the Obama-Biden White House was briefed on it.
",just declassified the russia hoax was hillarys plan and the obamabiden white house was briefed on it,0.0,https://i.redd.it/cqhf9s7i25q51.jpg
Reddit,do6ifc,maxwellhill,2019-10-28 09:33:51+00:00,"Biden says Trump is 'an idiot' for calling Russian election interference a 'hoax': The Russians don't want me to be president... Trump not only doesn't want to do anything about it he's going out and asking for help.""
",biden says trump is an idiot for calling russian election interference a hoax the russians dont want me to be president trump not only doesnt want to do anything about it hes going out and asking for help,-0.2666666666666666,https://www.nbcnews.com/politics/2020-election/biden-says-trump-idiot-calling-russian-election-interference-hoax-n1072606
Reddit,1b6a6az,TheForce122,2024-03-04 12:52:14+00:00,"Global warming is a hoax based on NASA lowering raw temperature data from the 1930s, which was hotter than today
",global warming is a hoax based on nasa lowering raw temperature data from the 1930s which was hotter than today,-0.1153846153846153,https://i.redd.it/71ieckvvdbmc1.jpeg
Reddit,7qkiqj,cancapistan,2018-01-15 15:54:17+00:00,"Turns out the story of the 11 year old Canadian Muslim girl having her hijab cut in an attack was a hoax, just like this sub predicted. Discuss.
Like the title says. Who orchestrated the hoax? Politicians? Some parents looking to use their child to gain some media attention? The police?",turns out the story of the 11 year old canadian muslim girl having her hijab cut in an attack was a hoax just like this sub predicted discusslike the title says who orchestrated the hoax politicians some parents looking to use their child to gain some media attention the police,0.1,https://www.reddit.com/r/conspiracy/comments/7qkiqj/turns_out_the_story_of_the_11_year_old_canadian/
Reddit,2xau9q,burwor,2015-02-27 01:18:21+00:00,"A US Senator threw a snowball in the Senate today to prove climate change is “the greatest hoax ever perpetrated on the American people.”
",a us senator threw a snowball in the senate today to prove climate change is the greatest hoax ever perpetrated on the american people,0.5,http://time.com/3724969/james-inhofe-snowball-senate/?chance in hell
Reddit,j3m8vb,BlindingTwilight,2020-10-02 02:15:20+00:00,"Definitely not a hoax. This changes everything
https://www.the-alien-project.com/en/mummies-of-nasca-results/

Here is one of the biggest red pills and rabbit holes on the Internet. Strap yourselves in. There are hours of video, radiology, HD scans, DNA tests, carbon dating and expert testimony. This is a deep dive. I recommend looking at the 3D scans then watching one or two of the videos first. The videos all have subtitles available.

Scroll to the bottom and check out the HD scans. Then watch some videos. The only question is are they indigenous or from elsewhere. There is no chance at all this is a hoax IMO.

EDIT: thanks for the love and the awards. Please help me to spread this. This is a fascinating and mindblowing revelation. It also makes people start to question the MSM and the government. They start to think “hmmm, why haven’t I heard about this? What else are they lying about?” Ummm the answer to that question is “Everything”",definitely not a hoax this changes everythinghere is one of the biggest red pills and rabbit holes on the internet strap yourselves in there are hours of video radiology hd scans dna tests carbon dating and expert testimony this is a deep dive i recommend looking at the 3d scans then watching one or two of the videos first the videos all have subtitles availablescroll to the bottom and check out the hd scans then watch some videos the only question is are they indigenous or from elsewhere there is no chance at all this is a hoax imoedit thanks for the love and the awards please help me to spread this this is a fascinating and mindblowing revelation it also makes people start to question the msm and the government they start to think hmmm why havent i heard about this what else are they lying about ummm the answer to that question is everything,0.20625,https://www.reddit.com/r/conspiracy/comments/j3m8vb/definitely_not_a_hoax_this_changes_everything/
Reddit,1oi374,dabeeisme,2013-10-15 14:23:55+00:00,"Bomb hoax at school, school punishes all male students, even those not involved.
",bomb hoax at school school punishes all male students even those not involved,0.0,http://www.nwcn.com/news/227745401.html
Reddit,re3v3y,waves-360,2021-12-11 16:59:54+00:00,"So let me get this straight. 50+ years ago people went to the moon that is 238,000 miles away (took 4 days to land). Now today we are getting excited when a Jeff bezos rocket travels literally 10 minutes and just goes to the edge of the atmosphere. Something doesn't add up. Moon landing hoax
They can say it's lack of money, but I disagree. The elite have deep pockets. If we really wanted to go to the moon we would go back",so let me get this straight 50 years ago people went to the moon that is 238000 miles away took 4 days to land now today we are getting excited when a jeff bezos rocket travels literally 10 minutes and just goes to the edge of the atmosphere something doesnt add up moon landing hoaxthey can say its lack of money but i disagree the elite have deep pockets if we really wanted to go to the moon we would go back,0.1549999999999999,https://www.reddit.com/r/conspiracy/comments/re3v3y/so_let_me_get_this_straight_50_years_ago_people/
Reddit,88v02t,Karmas-Camera,2018-04-01 23:31:22+00:00,"Kansas lawmakers pass ‘swatting’ bill sparked by deadly hoax in Wichita
",kansas lawmakers pass swatting bill sparked by deadly hoax in wichita,-0.2,http://fox4kc.com/2018/03/27/kansas-lawmakers-pass-swatting-bill-sparked-by-deadly-hoax-in-wichita/
Reddit,wfmt4z,cmrizzle,2022-08-04 00:28:44+00:00,"I hope I don't get downvoted to oblivion, but what examples did Alex Jones give to argue that Sandy Hook was a hoax?
Asking because of the ongoing sandy hook families vs Alex jones trial. I know if I asked anywhere else people probably wouldn't be straight forward or even answer, so I just wanted to know what made him think that?",i hope i dont get downvoted to oblivion but what examples did alex jones give to argue that sandy hook was a hoaxasking because of the ongoing sandy hook families vs alex jones trial i know if i asked anywhere else people probably wouldnt be straight forward or even answer so i just wanted to know what made him think that,0.2,https://www.reddit.com/r/conspiracy/comments/wfmt4z/i_hope_i_dont_get_downvoted_to_oblivion_but_what/
Reddit,ayhs42,horizonhorizon11,2019-03-07 21:11:57+00:00,"Facebook to ban anti-vaxx ads in new push against 'vaccine hoaxes' .
",facebook to ban antivaxx ads in new push against vaccine hoaxes,0.1363636363636363,https://www.theguardian.com/technology/2019/mar/07/facebook-anti-vaxx-vaccine-hoax-ads
Reddit,1gtcv8a,ProtectedHologram,2024-11-17 12:50:25+00:00,"Pandemic policies, lies, hoaxes, and the coverup have done incalculable damage. It's time to learn who did what and hold them accountable for this disaster. Fauci is going to have to account for his actions.
",pandemic policies lies hoaxes and the coverup have done incalculable damage its time to learn who did what and hold them accountable for this disaster fauci is going to have to account for his actions,0.0,https://hotair.com/david-strom/2024/11/14/anthony-fauci-in-the-crosshairs-n3796983
Reddit,15fok15,Triyamoto,2023-08-01 20:56:52+00:00,"Climate change caused by fossil fuels is a hoax and I have a simple way to explain why...
Carbon Dioxide makes up only 0.04% of all gases in our atmosphere. Of that 0.04%, 96% of it is natural (so 4% is man-made). So the total amount of CO2 in earth atmosphere that comes from the burning of fossil fuels equates to roughly 0.0016%.

To illustrate how insignificant that amount is, imagine filling a bath to the brim (180ltrs) with water at an ambient temp of 15°C (earth's ambient temp). Now fill a thimble (around 3mls) with boiling hot water and tip it into the bath: how much do you think that would increase the 15°c temperature by? And that's when adding a boiling hot amount at 0.0016% the overall volume, whereas CO2 traps solar radiation at much lower temperatures than that.

It's nonsense to say that humans have any affect on the planets temperature, but even more rediculous is the idea that western countries could make any significant impact by reducing emissions by the rates that even the biggest climate change grifters are demanding.

History will look back on these carbon reduction measures which basically result in a tax on the poor as one of the biggest crimes on the human race.

Edit: This analogy is simply to help demonstrate the tiny amounts of volume that THE ENTIRE HUMAN POPULATION add to the atmosphere each year. The climate change simps here are losing their minds over how ""that's not how the physics work!"" ""This is a flawed model!"", But it's not supposed to be that in the first place.
The point is, the impact WE have is tiny, and the reductions that are even slightly achievable even with the most draconic measures (because 'Net Zero' is moronic and impossible), WILL NOT MAKE ANY DIFFERENCE. 
Carbon taxes affect the poor mainly and only help to widen the gap between them and the rich. London is not going to be under water in 20 years. The ice caps are not going to melt.
Some are calling me a shill for the oil industry. But these Climate Change simps are either at best brainwashed into panic, or at worst, are shills for the green agenda, which has become THE BIGGEST growth industry in recent years.
Finally, to those saying that the scientists are all in agreement about man made climate change. Firstly that's not true. And secondly, if you went by that metric, I'm guessing that you probably went along with the COVID nonsense and got your clot shot. In which case, I'm not sure why you are worried about climate change, because you are probably not going to make it past the next few years anyway.
Peace",climate change caused by fossil fuels is a hoax and i have a simple way to explain whycarbon dioxide makes up only 004 of all gases in our atmosphere of that 004 96 of it is natural so 4 is manmade so the total amount of co2 in earth atmosphere that comes from the burning of fossil fuels equates to roughly 00016to illustrate how insignificant that amount is imagine filling a bath to the brim 180ltrs with water at an ambient temp of 15c earths ambient temp now fill a thimble around 3mls with boiling hot water and tip it into the bath how much do you think that would increase the 15c temperature by and thats when adding a boiling hot amount at 00016 the overall volume whereas co2 traps solar radiation at much lower temperatures than thatits nonsense to say that humans have any affect on the planets temperature but even more rediculous is the idea that western countries could make any significant impact by reducing emissions by the rates that even the biggest climate change grifters are demandinghistory will look back on these carbon reduction measures which basically result in a tax on the poor as one of the biggest crimes on the human raceedit this analogy is simply to help demonstrate the tiny amounts of volume that the entire human population add to the atmosphere each year the climate change simps here are losing their minds over how thats not how the physics work this is a flawed model but its not supposed to be that in the first placethe point is the impact we have is tiny and the reductions that are even slightly achievable even with the most draconic measures because net zero is moronic and impossible will not make any difference carbon taxes affect the poor mainly and only help to widen the gap between them and the rich london is not going to be under water in 20 years the ice caps are not going to meltsome are calling me a shill for the oil industry but these climate change simps are either at best brainwashed into panic or at worst are shills for the green agenda which has become the biggest growth industry in recent yearsfinally to those saying that the scientists are all in agreement about man made climate change firstly thats not true and secondly if you went by that metric im guessing that you probably went along with the covid nonsense and got your clot shot in which case im not sure why you are worried about climate change because you are probably not going to make it past the next few years anywaypeace,0.002579365079365,https://www.reddit.com/r/conspiracy/comments/15fok15/climate_change_caused_by_fossil_fuels_is_a_hoax/
Reddit,v6vf84,exp_in_bed,2022-06-07 13:22:55+00:00,"just because you believe global warming is a hoax doesn't mean you can throw your garbage out the window while driving and deliberately ruin the environment
",just because you believe global warming is a hoax doesnt mean you can throw your garbage out the window while driving and deliberately ruin the environment,-0.15625,https://www.reddit.com/r/conspiracy/comments/v6vf84/just_because_you_believe_global_warming_is_a_hoax/
Reddit,k3favi,thinkB4WeSpeak,2020-11-29 19:15:41+00:00,"In lawsuit, driver alleges ex-employer called coronavirus a hoax, refused to provide protective gear
",in lawsuit driver alleges exemployer called coronavirus a hoax refused to provide protective gear,0.0,https://lbpost.com/news/coronavirus-terrachem-lawsuit-retaliation
Reddit,3w835o,your-nuts-sir,2015-12-10 14:02:35+00:00,"Book exposing Sandy Hook hoax sold too well - pulled from Amazon, deleted from Kindle, article pulled from Infowars, vanished from Google search results cache
",book exposing sandy hook hoax sold too well  pulled from amazon deleted from kindle article pulled from infowars vanished from google search results cache,0.0,http://www.thesleuthjournal.com/infowars-article-on-sandy-hook-book-ban-scrubbed-even-from-google-cache/
Reddit,1ozabh,martinsaltpetre,2013-10-22 15:04:21+00:00,"Groom gets a year in jail for staging a bomb hoax on his wedding day to avoid bride finding out he had forgotten to book a venue
",groom gets a year in jail for staging a bomb hoax on his wedding day to avoid bride finding out he had forgotten to book a venue,-0.1,http://www.theguardian.com/uk-news/2013/oct/22/groom-jailed-wedding-day-bomb-hoax
Reddit,1jtk57t,ProtectedHologram,2025-04-07 12:34:05+00:00,"Carbon dioxide isn't a thermostat that drives temperatures up & down. This NOAA graph shows more a century of steady CO2 rise yet temperatures in the United States were unaffected. The world is not heating up at all & CO2 doesn't control weather at all. It's an elaborate hoax.
",carbon dioxide isnt a thermostat that drives temperatures up  down this noaa graph shows more a century of steady co2 rise yet temperatures in the united states were unaffected the world is not heating up at all  co2 doesnt control weather at all its an elaborate hoax,0.1922222222222222,https://x.com/peterdclack/status/1909039660242022525?s=46
Reddit,5euges,GoyBoyAdvanced,2016-11-25 16:47:22+00:00,"Just a reminder. The last time these 2 kids blew the whistle about a city wide pedophile ring in the UK, most of the blogs and videos about it were deleted and deemed a hoax by MSM. At 0:44 they mention pizza parlors are a part of it. Are we going to let the same thing happen to #PizzaGate?
",just a reminder the last time these 2 kids blew the whistle about a city wide pedophile ring in the uk most of the blogs and videos about it were deleted and deemed a hoax by msm at 044 they mention pizza parlors are a part of it are we going to let the same thing happen to #pizzagate,0.1,https://www.youtube.com/watch?v=N7_epvNbaPQ&t=0s
Reddit,17parw,ah102886,2013-02-01 17:07:21+00:00,"Egypt President Morsi aide claims Holocaust was US hoax and 6m 'dead' Jews simply moved to America  | Mail Online
",egypt president morsi aide claims holocaust was us hoax and 6m dead jews simply moved to america   mail online,-0.1,http://www.dailymail.co.uk/news/article-2270675/Egypt-President-Morsi-aide-claims-Holocaust-US-hoax-6m-dead-Jews-simply-moved-America.html#axzz2JfKhobOk
Reddit,1jpm97r,DizzyDoctor982,2025-04-02 11:28:41+00:00,"What is a conspiracy theory that was eventually proven to be a very clever hoax ?
",what is a conspiracy theory that was eventually proven to be a very clever hoax,0.2166666666666666,https://www.reddit.com/r/conspiracy/comments/1jpm97r/what_is_a_conspiracy_theory_that_was_eventually/
Reddit,1hqhg9s,vertigostereo,2024-12-31 15:51:45+00:00,"Man who kidnapped California woman in what was initially called a hoax faces new charges
",man who kidnapped california woman in what was initially called a hoax faces new charges,0.0681818181818181,https://apnews.com/article/california-kidnapping-man-charged-matthew-muller-8f0800e848e2a1fe0d36d233b4bf04fa?utm_source=copy&utm_medium=share
Reddit,1h6xvbh,External-Noise-4832,2024-12-05 01:59:36+00:00,"How did 4Chan know?
In September 2019, an anonymous 4chan poster accurately predicted the Covid-19 ""pandemic"" and deadly vaccine roll-out. Their predictions were chillingly accurate.

""9-10 million Americans will be killed during 2020 > 2021 in some kind of major event. Don't ask me how I know this.""

""Do not accept any vaccines that will be released for a deadly virus in the winter of 2020.""

""It will cause [flu] like symptoms and may be deadly to elders and babies but the media will report it as deadly for everyone but it's a hoax, the vaccine will be the real killer.""

[**Source**](https://archive.is/2022.01.04-205048/https://archive.4plebs.org/pol/thread/225497848/%23225499031)",how did 4chan knowin september 2019 an anonymous 4chan poster accurately predicted the covid19 pandemic and deadly vaccine rollout their predictions were chillingly accurate910 million americans will be killed during 2020  2021 in some kind of major event dont ask me how i know thisdo not accept any vaccines that will be released for a deadly virus in the winter of 2020it will cause flu like symptoms and may be deadly to elders and babies but the media will report it as deadly for everyone but its a hoax the vaccine will be the real killersource,-0.02375,https://i.redd.it/hrieazf1tx4e1.jpeg
Reddit,40vzti,DantePD,2016-01-14 04:21:14+00:00,"The father of a boy killed at Sandy Hook gets death threats from people who say the shooting was a hoax
",the father of a boy killed at sandy hook gets death threats from people who say the shooting was a hoax,-0.2,https://www.washingtonpost.com/news/grade-point/wp/2016/01/13/the-father-of-a-boy-killed-at-sandy-hook-gets-death-threats-from-people-who-say-the-shooting-was-a-hoax/
Reddit,1hmn4ig,SuddenCan5483,2024-12-26 12:10:50+00:00,"Key warning signs about bird flu are all going in the wrong direction - a single mutation would allow it to bind to key human receptors
",key warning signs about bird flu are all going in the wrong direction  a single mutation would allow it to bind to key human receptors,-0.1142857142857142,https://www.nbcnews.com/health/health-news/bird-flu-cases-spread-warning-signs-rcna185084
Reddit,1dryb9f,SportsGod3,2024-06-30 10:15:22+00:00,"Former Northeastern University lab manager convicted of staging hoax explosion at Boston campus
",former northeastern university lab manager convicted of staging hoax explosion at boston campus,0.0,https://apnews.com/article/northeastern-university-boston-hoax-explosion-manager-convicted-344c872e2461207ac1a7c72845972406
Reddit,28x9ev,dennisb407,2014-06-24 00:50:39+00:00,"Report: Story of girl getting tossed from KFC hoax
",report story of girl getting tossed from kfc hoax,0.0,http://www.11alive.com/story/news/nation/2014/06/23/girl-tossed-from-kfc-hoax/11291535/
Reddit,5dbapw,Telodor567,2016-11-16 19:54:00+00:00,"China Tells Trump That Climate Change Is No Hoax It Invented
",china tells trump that climate change is no hoax it invented,0.0,http://www.bloomberg.com/news/articles/2016-11-16/china-tells-trump-that-climate-change-is-no-hoax-it-invented
Reddit,1fxw6av,KingAteas,2024-10-07 01:23:59+00:00,"Hurricane Milton is growing stronger as it blows toward Tampa Bay, Florida - National | Globalnews.ca
",hurricane milton is growing stronger as it blows toward tampa bay florida  national  globalnewsca,0.0,https://globalnews.ca/news/10797453/hurricane-milton-is-growing-stronger-as-it-blows-toward-tampa-bay-florida/
Reddit,vug99z,Ok_Magician_1194,2022-07-08 17:37:32+00:00,"The New World Order is here. When will our weak, corrupt, idiotic politicians clearly spell out what's going on in public and explain that the World Economic Forum has captured almost all governments including the US with puppet Biden and in the name of CO2-caused climate hoax will starve everyone
",the new world order is here when will our weak corrupt idiotic politicians clearly spell out whats going on in public and explain that the world economic forum has captured almost all governments including the us with puppet biden and in the name of co2caused climate hoax will starve everyone,-0.1579004329004329,https://i.redd.it/gs6xl26arda91.jpg
Reddit,18cz3dy,Orangutan,2023-12-07 16:16:08+00:00,"An Oxford University physicist claimed that for the moon landing conspiracy to be true, around 411,000 people would’ve needed to keep it secret. He also suggests the hoax would’ve broken down in 3.68 years.
",an oxford university physicist claimed that for the moon landing conspiracy to be true around 411000 people wouldve needed to keep it secret he also suggests the hoax wouldve broken down in 368 years,-0.1513888888888889,https://www.pbs.org/newshour/science/math-formula-charts-the-lifespan-of-hoaxes
Reddit,6594in,ManiaforBeatles,2017-04-13 23:30:28+00:00,"Analysts identify #SyriaHoax as Russian-fueled propaganda
",analysts identify #syriahoax as russianfueled propaganda,-0.1,http://abcnews.go.com/International/analysts-identify-syriahoax-russian-fueled-propaganda/story?id=46787674
Reddit,16phrj,evluke,2013-01-16 21:23:28+00:00,"Manti Te'o's Dead Girlfriend, The Most Heartbreaking And Inspirational Story Of The College Football Season, Is A Hoax
",manti teos dead girlfriend the most heartbreaking and inspirational story of the college football season is a hoax,0.2666666666666666,http://deadspin.com/5976517/manti-teos-dead-girlfriend-the-most-heartbreaking-and-inspirational-story-of-the-college-football-season-is-a-hoax?utm_campaign=socialflow_deadspin_twitter&utm_source=deadspin_twitter&utm_medium=socialflow
Reddit,1hv8bps,GodOfWar2077,2025-01-06 20:04:34+00:00,"The CIA murdered Anne Heche
The CIA in action
This girl, ex-partner of Ellen Degeneres, was working on a movie that was going to expose pedophilia in Hollywood
They sabotaged her brakes and she entered the house
She survived, the ""firemen"" wrapped her in a body bag, contrary to all common sense for burn victims

that she managed to get out of the sack
They grabbed her tightly and put her in the ambulance
While the right ""fireman"" observes and watches who is watching this happen
Also look at is new clean coat 
She died afterwards
",the cia murdered anne hechethe cia in actionthis girl expartner of ellen degeneres was working on a movie that was going to expose pedophilia in hollywoodthey sabotaged her brakes and she entered the houseshe survived the firemen wrapped her in a body bag contrary to all common sense for burn victimsthat she managed to get out of the sackthey grabbed her tightly and put her in the ambulancewhile the right fireman observes and watches who is watching this happenalso look at is new clean coat she died afterwards,0.062034632034632,https://www.reddit.com/gallery/1hv8bps
Reddit,1cemc8h,HelicopterNext7488,2024-04-27 19:11:04+00:00,"Yale student “stabbed in the eye” turns out to be a HOAX
Plenty of pro-Israel media sources have been using this story as evidence of antisemitic “violence” at the college protests throughout the US recently, but as this video clearly shows, it is 100% fake news:

https://youtu.be/t1nXTlNpNkI?si=UAnjxU289DgvLBx9

Just a protester waving a Palestinian flag kind of close to a pro-Israel protester, who immediately screams in pain when a tiny 18-inch stick doesn’t come close to anyone’s eye. 

And yet, media that is against the free speech of protesters at these colleges have used it as a valid argument to use state force to arrest them and quell their voices:

https://www.youtube.com/watch?v=ssAdovj0d-8

https://www.youtube.com/watch?v=JyU99mS3jqY

https://www.youtube.com/watch?v=moI16iPI0qI",yale student stabbed in the eye turns out to be a hoaxplenty of proisrael media sources have been using this story as evidence of antisemitic violence at the college protests throughout the us recently but as this video clearly shows it is 100 fake newsjust a protester waving a palestinian flag kind of close to a proisrael protester who immediately screams in pain when a tiny 18inch stick doesnt come close to anyones eye and yet media that is against the free speech of protesters at these colleges have used it as a valid argument to use state force to arrest them and quell their voices,0.0785714285714285,https://i.redd.it/de683c6pm2xc1.jpeg
Reddit,iejvy0,IntactBroadSword,2020-08-22 14:58:26+00:00,"The quarantine zeitgeist is a hoax
",the quarantine zeitgeist is a hoax,0.0,https://i.redd.it/sczvxm1ziki51.jpg
Reddit,iizrt9,seanspeaks77,2020-08-29 20:40:20+00:00,"18 Thousand people marched through London today to call bs on the governments narrative. Covid is a hoax! Wake up and join the revolution!!! Watch the video I’ll link in the SS. We will not silenced! We will not be stopped!
",18 thousand people marched through london today to call bs on the governments narrative covid is a hoax wake up and join the revolution watch the video ill link in the ss we will not silenced we will not be stopped,-0.5,https://i.redd.it/fk0t8cm160k51.jpg
Reddit,35bnre,anutensil,2015-05-08 19:38:13+00:00,"Australia PM's adviser: climate change is UN hoax to create new world order - Maurice Newman, chairman of Tony Abbott’s business advisory council, says UN is using debunked climate change science to impose authoritarian rule
",australia pms adviser climate change is un hoax to create new world order  maurice newman chairman of tony abbotts business advisory council says un is using debunked climate change science to impose authoritarian rule,0.1363636363636363,http://www.theguardian.com/australia-news/2015/may/08/australia-pms-adviser-climate-change-is-un-hoax-to-create-new-world-order?9
Reddit,xv7ysc,rocco2121,2022-10-04 06:56:56+00:00,"Climate Change Is The Biggest Hoax In History
&#x200B;

Climate change, originally called global warming, was later added to extreme climates such as hurricanes and wildfires in order to increase its impact on the public. Countries have developed policies aimed at slowing or halting the trend of climate change, mainly by controlling carbon emissions and introducing alternative energy sources.

## Is the climate change theory true?

Let's look at the numbers.

Human emissions of carbon dioxide account for 3.5% of the earth's greenhouse gases, and the rest of the greenhouse gases come from nature. Among them, ocean water evaporation accounts for 95% of the total greenhouse gases, and greenhouse gases account for 2% of the total atmosphere. Therefore, human emissions of carbon dioxide only account for 0.04% of the total atmosphere. Is this 4 in 10,000 factor enough to turn the climate around?

Sunlight, volcanic eruptions, cosmic rays, the solar system, atmospheric circulation, water vapor, and methane are all factors that affect temperatures more than carbon dioxide, but climate change theorists never mention it.

During the glacial period, the carbon dioxide content in the atmosphere was 10 times higher than it is now, and in recent years, the carbon dioxide content in the atmosphere is the lowest in the history of the earth. What's wrong with this picture?

If you're old enough, you'll remember that in the 1970s, the mainstream media in the United States consistently preached that the world was cooling, and 88 years later, it suddenly took a U-turn and preached that the world was warming.

Is this transition related to carbon dioxide? No. The truth is that the earth's temperature fluctuates periodically, and the 1980s was at the end of the earth's 40-year cooling cycle. Now the ice and snow coverage at the poles is similar to the coverage in the 30s and 40s.

Climate change conspiracy theories say melting ice caps will reduce polar bear populations and lead to more extreme weather. But there are actually five times as many polar bears as they were in 1970, hurricane levels are at their lowest since 1900, and droughts are flat.

Step back 10,000 steps, even if carbon dioxide does affect climate change, let's move on to the discussion.

## Are the emission reduction policies formulated by politicians in various countries effective?

No. The carbon emission caps set by developed countries have caused big companies to move their production lines to Asia and discharge their pollutants in a rougher and more intensive way, as if the greenhouse gases emitted by Asia are not on the earth. Neither demand nor supply has diminished, isn't it fooling yourself to just change production in another place?

Who profited from climate change conspiracy theories?

1. The media got ratings from the audience's ""worrying""
2. Environmental organizations and academic institutions have received donations
3. Some big companies benefit from globalization
4. Others gain an 'environmental protector' image
5. Western leftist politicians play the role of savior to harvest public opinion
6. The CCP is the biggest winner

&#x200B;

## What were the results of the policy implementation?

Developed countries join the Paris climate agreement to set a cap on carbon emissions. This move increases the cost of industries and manufacturing in various countries, causing small factories to close down, and big companies justifiably set up factories in China, where labor and law-abiding costs are lower, and discharge pollution in a rougher, more intensive, and unregulated way.

## Who are the Losers?

U.S native manufacturing and Chinese people. On the one hand, North Carolina, Pennsylvania, Ohio, Michigan and other states in the United States, which are deeply affected by globalization, have become ""rust belts"". For example, the once prosperous Detroit Motor City has now become a ghost town.

On the other hand, the GDP created by the Chinese people goes into the pockets of certain CCP families, foreign politicians and international organizations. There is basically no national welfare in China, but the living environment has deteriorated. The CCP has established concentration camps for millions of people in Xinjiang, and obtained low to almost zero labor costs, including women’s hair, internal organs, and Nike factories.

## Vested interests

Large international companies have lower costs and more monopoly advantages in the market. The GDP has grown, the fat cats have become fatter, and the CCP's harvest has been better. The CCP gives part of the dividends to foreign politicians who make policies. Large corporations distribute dividends to environmental groups. The policy has two other benefits for leftist politicians in the West, one of which is maintaining power.

The loss of jobs in the United States has led to the migration of population to big cities and the rise of unemployment. These are all welcome by left-wing politicians, because those who lie down and eat welfare will become their supporters and voter base. Leftist politicians use people's reverence for nature and worries about future uncertainty to garner public opinion and votes.

## Alternative energy is not as green as you think

Has anyone compared the carbon emissions produced by producing an EV battery to the carbon emissions produced during normal car use? Have you considered the environmental pollution caused by the disposal of automobile waste batteries? In fact, more fossil fuels are used to make a solar panel than the fuel needed to generate electricity from fossil fuels over the lifetime of the solar panel!

No one dares to oppose it publicly. Anyone who raised objections was ostracized, suspended, and suppressed. Green energy is a propaganda method for whitewashing and profit-making in the petrochemical industry. It is a means for electric vehicles to obtain government subsidies to catch up with the traditional automobile manufacturing industry.

## Omnipotent environmental protection banner

The fracking method used in the U.S. oil extraction process is strongly opposed by Biden on the grounds of environmental protection. The prohibition policy implemented after he took office has brought major disasters to the U.S. oil extraction industry, destroying 1.1 million related jobs.

Externally, the United States has to resume its dependence on imported oil, while major countries should not rely on imports for industrial and agricultural energy. Internally, the decline in the employment rate, the further migration of population to big cities, and the deterioration of social security have ensnared many to the Democratic Party’s welfare trap.

## The environmental banner is one of the conspiracies of the globalist communist agenda

Several concepts need to be distinguished here: environmental protection, environmental protection movement and environmentalism.

**Environmental protection**, as the name suggests, is the protection of the environment. Since there is human civilization, there has been human protection of the environment. This kind of environmental protection has nothing to do with any political ideology.

**Environmental Protection Movement.** The environmental protection movement is a social and political movement aimed at environmental issues. Its main body is to change environmental policies and public psychology and behavioral habits through massive mass movements, media offensives and complex and ingenious political operations.

**Environmentalism**. Environmentalism is a philosophical thought and political ideology that emphasizes the protection of the environment and the harmonious coexistence of humans and nature. The origin of environmental protection movement and environmentalism is not the same as that of communism, but the evil specter of communism is good at kidnapping mass movements, manipulating and exploiting the social situation.

\- - -

Therefore, from the beginning of modern environmentalism, the evil specter of communism has systematically arranged to kidnap it and use it for it's own evil purpose.

The factors behind environmentalism worldwide today are extremely complex. It used moving rhetoric and took advantage of people's kind and beautiful wishes to set off a political movement that swept the world. There are many people who are kind, have a sense of justice, and truly care about the future and destiny of mankind. But the factors behind this movement is the evil specter of communism, which uses the moral high ground of environmental protection to advance its own agenda.

In this movement, environmental protection has been highly politicized, radicalized and even religious; traditional moral foundations have been forgotten, and misleading propaganda and even various coercive political tricks have become the dominant factors. Environmentalism is becoming another form of communism.

However, the globalists and the international elite were not satisfied with just this, and planned the **""Great Reset""** plan in 2020, which was aimed at 'using' the epidemic to promote the totalitarian model to the world and establish a new international order - modern slavery.

&#x200B;

.",climate change is the biggest hoax in history#x200bclimate change originally called global warming was later added to extreme climates such as hurricanes and wildfires in order to increase its impact on the public countries have developed policies aimed at slowing or halting the trend of climate change mainly by controlling carbon emissions and introducing alternative energy sources## is the climate change theory truelets look at the numbershuman emissions of carbon dioxide account for 35 of the earths greenhouse gases and the rest of the greenhouse gases come from nature among them ocean water evaporation accounts for 95 of the total greenhouse gases and greenhouse gases account for 2 of the total atmosphere therefore human emissions of carbon dioxide only account for 004 of the total atmosphere is this 4 in 10000 factor enough to turn the climate aroundsunlight volcanic eruptions cosmic rays the solar system atmospheric circulation water vapor and methane are all factors that affect temperatures more than carbon dioxide but climate change theorists never mention itduring the glacial period the carbon dioxide content in the atmosphere was 10 times higher than it is now and in recent years the carbon dioxide content in the atmosphere is the lowest in the history of the earth whats wrong with this pictureif youre old enough youll remember that in the 1970s the mainstream media in the united states consistently preached that the world was cooling and 88 years later it suddenly took a uturn and preached that the world was warmingis this transition related to carbon dioxide no the truth is that the earths temperature fluctuates periodically and the 1980s was at the end of the earths 40year cooling cycle now the ice and snow coverage at the poles is similar to the coverage in the 30s and 40sclimate change conspiracy theories say melting ice caps will reduce polar bear populations and lead to more extreme weather but there are actually five times as many polar bears as they were in 1970 hurricane levels are at their lowest since 1900 and droughts are flatstep back 10000 steps even if carbon dioxide does affect climate change lets move on to the discussion## are the emission reduction policies formulated by politicians in various countries effectiveno the carbon emission caps set by developed countries have caused big companies to move their production lines to asia and discharge their pollutants in a rougher and more intensive way as if the greenhouse gases emitted by asia are not on the earth neither demand nor supply has diminished isnt it fooling yourself to just change production in another placewho profited from climate change conspiracy theories1 the media got ratings from the audiences worrying2 environmental organizations and academic institutions have received donations3 some big companies benefit from globalization4 others gain an environmental protector image5 western leftist politicians play the role of savior to harvest public opinion6 the ccp is the biggest winner#x200b## what were the results of the policy implementationdeveloped countries join the paris climate agreement to set a cap on carbon emissions this move increases the cost of industries and manufacturing in various countries causing small factories to close down and big companies justifiably set up factories in china where labor and lawabiding costs are lower and discharge pollution in a rougher more intensive and unregulated way## who are the losersus native manufacturing and chinese people on the one hand north carolina pennsylvania ohio michigan and other states in the united states which are deeply affected by globalization have become rust belts for example the once prosperous detroit motor city has now become a ghost townon the other hand the gdp created by the chinese people goes into the pockets of certain ccp families foreign politicians and international organizations there is basically no national welfare in china but the living environment has deteriorated the ccp has established concentration camps for millions of people in xinjiang and obtained low to almost zero labor costs including womens hair internal organs and nike factories## vested interestslarge international companies have lower costs and more monopoly advantages in the market the gdp has grown the fat cats have become fatter and the ccps harvest has been better the ccp gives part of the dividends to foreign politicians who make policies large corporations distribute dividends to environmental groups the policy has two other benefits for leftist politicians in the west one of which is maintaining powerthe loss of jobs in the united states has led to the migration of population to big cities and the rise of unemployment these are all welcome by leftwing politicians because those who lie down and eat welfare will become their supporters and voter base leftist politicians use peoples reverence for nature and worries about future uncertainty to garner public opinion and votes## alternative energy is not as green as you thinkhas anyone compared the carbon emissions produced by producing an ev battery to the carbon emissions produced during normal car use have you considered the environmental pollution caused by the disposal of automobile waste batteries in fact more fossil fuels are used to make a solar panel than the fuel needed to generate electricity from fossil fuels over the lifetime of the solar panelno one dares to oppose it publicly anyone who raised objections was ostracized suspended and suppressed green energy is a propaganda method for whitewashing and profitmaking in the petrochemical industry it is a means for electric vehicles to obtain government subsidies to catch up with the traditional automobile manufacturing industry## omnipotent environmental protection bannerthe fracking method used in the us oil extraction process is strongly opposed by biden on the grounds of environmental protection the prohibition policy implemented after he took office has brought major disasters to the us oil extraction industry destroying 11 million related jobsexternally the united states has to resume its dependence on imported oil while major countries should not rely on imports for industrial and agricultural energy internally the decline in the employment rate the further migration of population to big cities and the deterioration of social security have ensnared many to the democratic partys welfare trap## the environmental banner is one of the conspiracies of the globalist communist agendaseveral concepts need to be distinguished here environmental protection environmental protection movement and environmentalismenvironmental protection as the name suggests is the protection of the environment since there is human civilization there has been human protection of the environment this kind of environmental protection has nothing to do with any political ideologyenvironmental protection movement the environmental protection movement is a social and political movement aimed at environmental issues its main body is to change environmental policies and public psychology and behavioral habits through massive mass movements media offensives and complex and ingenious political operationsenvironmentalism environmentalism is a philosophical thought and political ideology that emphasizes the protection of the environment and the harmonious coexistence of humans and nature the origin of environmental protection movement and environmentalism is not the same as that of communism but the evil specter of communism is good at kidnapping mass movements manipulating and exploiting the social situation  therefore from the beginning of modern environmentalism the evil specter of communism has systematically arranged to kidnap it and use it for its own evil purposethe factors behind environmentalism worldwide today are extremely complex it used moving rhetoric and took advantage of peoples kind and beautiful wishes to set off a political movement that swept the world there are many people who are kind have a sense of justice and truly care about the future and destiny of mankind but the factors behind this movement is the evil specter of communism which uses the moral high ground of environmental protection to advance its own agendain this movement environmental protection has been highly politicized radicalized and even religious traditional moral foundations have been forgotten and misleading propaganda and even various coercive political tricks have become the dominant factors environmentalism is becoming another form of communismhowever the globalists and the international elite were not satisfied with just this and planned the great reset plan in 2020 which was aimed at using the epidemic to promote the totalitarian model to the world and establish a new international order  modern slavery#x200b,0.0434697387958257,https://www.reddit.com/r/conspiracy/comments/xv7ysc/climate_change_is_the_biggest_hoax_in_history/
Reddit,19oxfc,Manler,2013-03-05 05:51:01+00:00,"Piratebay is not actually being hosted from North Korea. It was a hoax to make it appear as if the IP was originating from NK.
",piratebay is not actually being hosted from north korea it was a hoax to make it appear as if the ip was originating from nk,0.0,http://news.cnet.com/8301-1023_3-57572501-93/the-pirate-bay-is-relocating-to-north-korea/
Reddit,iitnec,signed7,2020-08-29 14:51:53+00:00,"Thousands of anti-lockdown protesters gather in London to claim coronavirus is a 'hoax'
",thousands of antilockdown protesters gather in london to claim coronavirus is a hoax,0.0,https://www.mirror.co.uk/news/uk-news/thousands-anti-lockdown-protesters-gather-22597555
Reddit,1jrd505,wegwerf99999999,2025-04-04 14:24:02+00:00,"Can someone explain this mess?
",can someone explain this mess,-0.175,https://i.redd.it/ych1wxd7vtse1.jpeg
Reddit,kjfjan,meowroarhiss,2020-12-24 13:35:43+00:00,"Parents convicted in 2009 'balloon boy' hoax pardoned
",parents convicted in 2009 balloon boy hoax pardoned,0.0,https://abcnews.go.com/US/wireStory/parents-convicted-2009-balloon-boy-hoax-pardoned-74886251
Reddit,1j959wj,AudibleNod,2025-03-11 23:42:35+00:00,"Woman pleads guilty in cross-burning hoax during Colorado Springs mayoral campaign
",woman pleads guilty in crossburning hoax during colorado springs mayoral campaign,-0.5,https://apnews.com/article/cross-burning-hoax-colorado-springs-black-mayor-41837df8bd251ef5eedf819acc00d696
Reddit,1ficbma,WolfmanKnows,2024-09-16 18:40:08+00:00,"Insane…
",insane,-1.0,https://i.redd.it/zah1x7dmu7pd1.jpeg
Reddit,7v9hkg,Lyra_Fairview,2018-02-04 20:50:31+00:00,"This was one of the first pictures that truly ""Red-pilled"" me on NASA. I wholeheartedly believe that the 1986 Challenger Disaster was a hoax of some kind. It appears that several of the Astronauts are still alive, with the same names and all. What are your thoughts on this? Bios provided in comments
",this was one of the first pictures that truly redpilled me on nasa i wholeheartedly believe that the 1986 challenger disaster was a hoax of some kind it appears that several of the astronauts are still alive with the same names and all what are your thoughts on this bios provided in comments,0.19,https://i.redd.it/zc66zsc0e9e01.jpg
Reddit,fkoci9,Fuckyousantorum,2020-03-18 11:56:08+00:00,"Just in case you think the Coronavirus is a hoax. I have been on this sub for 7 years so hopefully I’m trusted a bit. I know 5 people who have the virus and 2 people waiting for diagnosis.
All 5 are colleagues in my HQ in London. The other 2 met them on visits from our UK offices.",just in case you think the coronavirus is a hoax i have been on this sub for 7 years so hopefully im trusted a bit i know 5 people who have the virus and 2 people waiting for diagnosisall 5 are colleagues in my hq in london the other 2 met them on visits from our uk offices,-0.125,https://www.reddit.com/r/conspiracy/comments/fkoci9/just_in_case_you_think_the_coronavirus_is_a_hoax/
Reddit,10etayl,PalatableMahogany,2023-01-18 00:55:56+00:00,"Wow, what a surprise. Greta Rothschild's handler is also a Rothschild and works for Gates and Soros, the Club of Rome who made the Georgia Guidestones and wants to depopulate to 500M people and starve 95% of humans out of existence using climate hoax to shut down the farms
",wow what a surprise greta rothschilds handler is also a rothschild and works for gates and soros the club of rome who made the georgia guidestones and wants to depopulate to 500m people and starve 95 of humans out of existence using climate hoax to shut down the farms,0.0481481481481481,https://i.redd.it/ofaay01w9pca1.jpg
